{
    "2025-04-27": {
        "day": "Sunday",
        "classes": {
            "12345": {
                "title": "Sample Class",
                "start_time": "4/27/2025 08:30:00",
                "end_time": "4/27/2025 15:30:00",
                "venue": "HQ-Training Academy",
                "instructor": "John Doe",
                "students": [
                    {"User ID": 1, "First Name": "Alice", "Middle Name": "B", "Last Name": "Smith"}
                ],
                "student_count": 1
            }
        }
    }
}